{"cameraMode":{"drawMode":0,"name":"Shaded","section":"Shading Mode"},"sceneLighting":true,"audioPlay":false,"sceneViewState":{"m_AlwaysRefresh":false,"showFog":true,"showSkybox":true,"showFlares":true,"showImageEffects":true,"showParticleSystems":true,"showVisualEffectGraphs":true,"m_FxEnabled":true},"in2DMode":false,"pivot":{"x":17.92919158935547,"y":-11.340380668640137,"z":-0.9099972248077393},"rotation":{"x":-0.17275479435920716,"y":-0.6546209454536438,"z":0.15729118883609773,"w":-0.7189664244651794},"size":27.618316650390626,"orthographic":false}