{"cameraMode":{"drawMode":0,"name":"Shaded","section":"Shading Mode"},"sceneLighting":true,"audioPlay":false,"sceneViewState":{"m_AlwaysRefresh":false,"showFog":true,"showSkybox":true,"showFlares":true,"showImageEffects":true,"showParticleSystems":true,"showVisualEffectGraphs":true,"m_FxEnabled":true},"in2DMode":false,"pivot":{"x":-10.790985107421875,"y":13.931526184082032,"z":14.946699142456055},"rotation":{"x":-0.10687124729156494,"y":-0.6926082968711853,"z":0.10489452630281449,"w":-0.7056267261505127},"size":118.44285583496094,"orthographic":false}