{"cameraMode":{"drawMode":0,"name":"Shaded","section":"Shading Mode"},"sceneLighting":true,"audioPlay":false,"sceneViewState":{"m_AlwaysRefresh":false,"showFog":true,"showSkybox":true,"showFlares":true,"showImageEffects":true,"showParticleSystems":true,"showVisualEffectGraphs":true,"m_FxEnabled":true},"in2DMode":false,"pivot":{"x":-57.38397216796875,"y":69.68119812011719,"z":137.07379150390626},"rotation":{"x":-0.043874405324459079,"y":-0.9475659728050232,"z":0.27947667241096499,"w":-0.14874783158302308},"size":-0.1671288013458252,"orthographic":false}