{"cameraMode":{"drawMode":0,"name":"Shaded","section":"Shading Mode"},"sceneLighting":true,"audioPlay":false,"sceneViewState":{"m_AlwaysRefresh":false,"showFog":true,"showSkybox":true,"showFlares":true,"showImageEffects":true,"showParticleSystems":true,"showVisualEffectGraphs":true,"m_FxEnabled":true},"in2DMode":false,"pivot":{"x":8.76853084564209,"y":29.030370712280275,"z":70.10859680175781},"rotation":{"x":0.0026129581965506078,"y":-0.97918301820755,"z":0.20257140696048737,"w":0.012630403973162175},"size":112.73530578613281,"orthographic":false}